<gmd:MD_Metadata xmlns:gmd="http://www.isotc211.org/2005/gmd" xmlns:gml="http://www.opengis.net/gml" xmlns:gts="http://www.isotc211.org/2005/gts" xmlns:gco="http://www.isotc211.org/2005/gco" xmlns:xlink="http://www.w3.org/1999/xlink" xmlns:geonet="http://www.fao.org/geonetwork" xmlns:xsi="http://www.w3.org/2001/XMLSchema-instance" xsi:schemaLocation="http://www.isotc211.org/2005/gmd http://www.isotc211.org/2005/gmd/gmd.xsd http://www.isotc211.org/2005/srv http://schemas.opengis.net/iso/19139/20060504/srv/srv.xsd"><gmd:fileIdentifier><gco:CharacterString>43e6b30c-88ec-4bea-b680-94d3a1e7ec6a</gco:CharacterString></gmd:fileIdentifier><gmd:language><gmd:LanguageCode codeList="http://www.loc.gov/standards/iso639-2/" codeListValue="spa"/></gmd:language><gmd:characterSet><gmd:MD_CharacterSetCode codeListValue="utf8" codeList="http://standards.iso.org/ittf/PubliclyAvailableStandards/ISO_19139_Schemas/resources/codelist/ML_gmxCodelists.xml#MD_CharacterSetCode"/></gmd:characterSet><gmd:contact><gmd:CI_ResponsibleParty><gmd:individualName><gco:CharacterString>Humberto Richard Torres Giraldo</gco:CharacterString></gmd:individualName><gmd:organisationName><gco:CharacterString>Autoridad Nacional del Agua</gco:CharacterString></gmd:organisationName><gmd:positionName gco:nilReason="missing"><gco:CharacterString/></gmd:positionName><gmd:contactInfo><gmd:CI_Contact><gmd:phone><gmd:CI_Telephone><gmd:voice gco:nilReason="missing"><gco:CharacterString/></gmd:voice><gmd:facsimile gco:nilReason="missing"><gco:CharacterString/></gmd:facsimile></gmd:CI_Telephone></gmd:phone><gmd:address><gmd:CI_Address><gmd:deliveryPoint gco:nilReason="missing"><gco:CharacterString/></gmd:deliveryPoint><gmd:city gco:nilReason="missing"><gco:CharacterString/></gmd:city><gmd:administrativeArea gco:nilReason="missing"><gco:CharacterString/></gmd:administrativeArea><gmd:postalCode gco:nilReason="missing"><gco:CharacterString/></gmd:postalCode><gmd:country gco:nilReason="missing"><gco:CharacterString/></gmd:country><gmd:electronicMailAddress><gco:CharacterString>htorres@ana.gob.pe</gco:CharacterString></gmd:electronicMailAddress></gmd:CI_Address></gmd:address></gmd:CI_Contact></gmd:contactInfo><gmd:role><gmd:CI_RoleCode codeListValue="originator" codeList="http://standards.iso.org/ittf/PubliclyAvailableStandards/ISO_19139_Schemas/resources/codelist/ML_gmxCodelists.xml#CI_RoleCode"/></gmd:role></gmd:CI_ResponsibleParty></gmd:contact><gmd:contact><gmd:CI_ResponsibleParty><gmd:contactInfo><gmd:CI_Contact/></gmd:contactInfo><gmd:role><gmd:CI_RoleCode codeList="http://standards.iso.org/ittf/PubliclyAvailableStandards/ISO_19139_Schemas/resources/codelist/ML_gmxCodelists.xml#CI_RoleCode" codeListValue=""/></gmd:role></gmd:CI_ResponsibleParty></gmd:contact><gmd:contact><gmd:CI_ResponsibleParty><gmd:contactInfo><gmd:CI_Contact/></gmd:contactInfo><gmd:role><gmd:CI_RoleCode codeList="http://standards.iso.org/ittf/PubliclyAvailableStandards/ISO_19139_Schemas/resources/codelist/ML_gmxCodelists.xml#CI_RoleCode" codeListValue="pointOfContact"/></gmd:role></gmd:CI_ResponsibleParty></gmd:contact><gmd:contact><gmd:CI_ResponsibleParty><gmd:individualName><gco:CharacterString>William Robert Atencio Mamani</gco:CharacterString></gmd:individualName><gmd:organisationName><gco:CharacterString>Autoridad Nacional del Agua</gco:CharacterString></gmd:organisationName><gmd:contactInfo><gmd:CI_Contact><gmd:address><gmd:CI_Address><gmd:electronicMailAddress><gco:CharacterString>watencio@ana.gob.pe</gco:CharacterString></gmd:electronicMailAddress></gmd:CI_Address></gmd:address></gmd:CI_Contact></gmd:contactInfo><gmd:role><gmd:CI_RoleCode codeList="http://standards.iso.org/ittf/PubliclyAvailableStandards/ISO_19139_Schemas/resources/codelist/ML_gmxCodelists.xml#CI_RoleCode" codeListValue="originator"/></gmd:role></gmd:CI_ResponsibleParty></gmd:contact><gmd:dateStamp><gco:DateTime>2016-09-14T15:42:33</gco:DateTime></gmd:dateStamp><gmd:metadataStandardName><gco:CharacterString>ISO 19115:2003/19139</gco:CharacterString></gmd:metadataStandardName><gmd:metadataStandardVersion><gco:CharacterString>1.0</gco:CharacterString></gmd:metadataStandardVersion><gmd:referenceSystemInfo><gmd:MD_ReferenceSystem><gmd:referenceSystemIdentifier><gmd:RS_Identifier><gmd:code><gco:CharacterString>WGS 1984</gco:CharacterString></gmd:code></gmd:RS_Identifier></gmd:referenceSystemIdentifier></gmd:MD_ReferenceSystem></gmd:referenceSystemInfo><gmd:identificationInfo><gmd:MD_DataIdentification><gmd:citation><gmd:CI_Citation><gmd:title><gco:CharacterString>Unidades Hidrográficas</gco:CharacterString></gmd:title><gmd:date><gmd:CI_Date><gmd:date><gco:Date>2007-11-12</gco:Date></gmd:date><gmd:dateType><gmd:CI_DateTypeCode codeListValue="publication" codeList="http://standards.iso.org/ittf/PubliclyAvailableStandards/ISO_19139_Schemas/resources/codelist/ML_gmxCodelists.xml#CI_DateTypeCode"/></gmd:dateType></gmd:CI_Date></gmd:date><gmd:edition><gco:CharacterString>http://localhost:8080/demodem/editioin</gco:CharacterString></gmd:edition></gmd:CI_Citation></gmd:citation><gmd:abstract><gco:CharacterString>Delimitación de unidades hidrográficas del Perú por el método de Pfafstetter.</gco:CharacterString></gmd:abstract><gmd:purpose><gco:CharacterString>Proveer de un instrumento técnico que coadyuve a una óptima gestión y administración de los recursos hídricos.</gco:CharacterString></gmd:purpose><gmd:status><gmd:MD_ProgressCode codeListValue="completed" codeList="http://standards.iso.org/ittf/PubliclyAvailableStandards/ISO_19139_Schemas/resources/codelist/ML_gmxCodelists.xml#MD_ProgressCode"/></gmd:status><gmd:pointOfContact><gmd:CI_ResponsibleParty><gmd:individualName><gco:CharacterString>Humberto Richard Torres Giraldo</gco:CharacterString></gmd:individualName><gmd:organisationName><gco:CharacterString>Autoridad Nacional del Agua</gco:CharacterString></gmd:organisationName><gmd:positionName gco:nilReason="missing"><gco:CharacterString/></gmd:positionName><gmd:contactInfo><gmd:CI_Contact><gmd:phone><gmd:CI_Telephone><gmd:voice gco:nilReason="missing"><gco:CharacterString/></gmd:voice><gmd:facsimile gco:nilReason="missing"><gco:CharacterString/></gmd:facsimile></gmd:CI_Telephone></gmd:phone><gmd:address><gmd:CI_Address><gmd:deliveryPoint gco:nilReason="missing"><gco:CharacterString/></gmd:deliveryPoint><gmd:city gco:nilReason="missing"><gco:CharacterString/></gmd:city><gmd:administrativeArea gco:nilReason="missing"><gco:CharacterString/></gmd:administrativeArea><gmd:postalCode gco:nilReason="missing"><gco:CharacterString/></gmd:postalCode><gmd:country gco:nilReason="missing"><gco:CharacterString/></gmd:country><gmd:electronicMailAddress><gco:CharacterString>htorres@ana.gob.pe</gco:CharacterString></gmd:electronicMailAddress></gmd:CI_Address></gmd:address></gmd:CI_Contact></gmd:contactInfo><gmd:role><gmd:CI_RoleCode codeListValue="originator" codeList="http://standards.iso.org/ittf/PubliclyAvailableStandards/ISO_19139_Schemas/resources/codelist/ML_gmxCodelists.xml#CI_RoleCode"/></gmd:role></gmd:CI_ResponsibleParty></gmd:pointOfContact><gmd:resourceMaintenance><gmd:MD_MaintenanceInformation><gmd:maintenanceAndUpdateFrequency><gmd:MD_MaintenanceFrequencyCode codeListValue="asNeeded" codeList="http://standards.iso.org/ittf/PubliclyAvailableStandards/ISO_19139_Schemas/resources/codelist/ML_gmxCodelists.xml#MD_MaintenanceFrequencyCode"/></gmd:maintenanceAndUpdateFrequency></gmd:MD_MaintenanceInformation></gmd:resourceMaintenance><gmd:graphicOverview xmlns:srv="http://www.isotc211.org/2005/srv"><gmd:MD_BrowseGraphic><gmd:fileName><gco:CharacterString>http://geo2.ana.gob.pe:8080/geonetwork/srv/spa//resources.get?uuid=43e6b30c-88ec-4bea-b680-94d3a1e7ec6a&amp;fname=uni_hidro.jpg</gco:CharacterString></gmd:fileName><gmd:fileDescription><gco:CharacterString>large_thumbnail</gco:CharacterString></gmd:fileDescription><gmd:fileType><gco:CharacterString>jpg</gco:CharacterString></gmd:fileType></gmd:MD_BrowseGraphic></gmd:graphicOverview><gmd:descriptiveKeywords><gmd:MD_Keywords><gmd:keyword><gco:CharacterString>UH</gco:CharacterString></gmd:keyword><gmd:type><gmd:MD_KeywordTypeCode codeListValue="theme" codeList="./resources/codeList.xml#MD_KeywordTypeCode"/></gmd:type></gmd:MD_Keywords></gmd:descriptiveKeywords><gmd:descriptiveKeywords><gmd:MD_Keywords><gmd:keyword><gco:CharacterString>Cuencas</gco:CharacterString></gmd:keyword><gmd:type><gmd:MD_KeywordTypeCode codeListValue="theme" codeList="./resources/codeList.xml#MD_KeywordTypeCode"/></gmd:type></gmd:MD_Keywords></gmd:descriptiveKeywords><gmd:resourceConstraints><gmd:MD_LegalConstraints><gmd:accessConstraints><gmd:MD_RestrictionCode codeListValue="copyright" codeList="http://standards.iso.org/ittf/PubliclyAvailableStandards/ISO_19139_Schemas/resources/codelist/ML_gmxCodelists.xml#MD_RestrictionCode"/></gmd:accessConstraints><gmd:useConstraints><gmd:MD_RestrictionCode codeListValue="copyright" codeList="http://standards.iso.org/ittf/PubliclyAvailableStandards/ISO_19139_Schemas/resources/codelist/ML_gmxCodelists.xml#MD_RestrictionCode"/></gmd:useConstraints><gmd:otherConstraints><gco:CharacterString>Solicitud formalizada.</gco:CharacterString></gmd:otherConstraints></gmd:MD_LegalConstraints></gmd:resourceConstraints><gmd:spatialRepresentationType><gmd:MD_SpatialRepresentationTypeCode codeListValue="vector" codeList="http://standards.iso.org/ittf/PubliclyAvailableStandards/ISO_19139_Schemas/resources/codelist/ML_gmxCodelists.xml#MD_SpatialRepresentationTypeCode"/></gmd:spatialRepresentationType><gmd:spatialResolution><gmd:MD_Resolution><gmd:equivalentScale><gmd:MD_RepresentativeFraction><gmd:denominator><gco:Integer>100000</gco:Integer></gmd:denominator></gmd:MD_RepresentativeFraction></gmd:equivalentScale></gmd:MD_Resolution></gmd:spatialResolution><gmd:language><gmd:LanguageCode codeList="http://www.loc.gov/standards/iso639-2/" codeListValue="spa"/></gmd:language><gmd:characterSet><gmd:MD_CharacterSetCode codeListValue="utf8" codeList="http://standards.iso.org/ittf/PubliclyAvailableStandards/ISO_19139_Schemas/resources/codelist/ML_gmxCodelists.xml#MD_CharacterSetCode"/></gmd:characterSet><gmd:topicCategory><gmd:MD_TopicCategoryCode>boundaries</gmd:MD_TopicCategoryCode></gmd:topicCategory><gmd:extent><gmd:EX_Extent><gmd:temporalElement><gmd:EX_TemporalExtent><gmd:extent><gml:TimePeriod gml:id="d13002e429a1050910"><gml:beginPosition/><gml:endPosition/></gml:TimePeriod></gmd:extent></gmd:EX_TemporalExtent></gmd:temporalElement></gmd:EX_Extent></gmd:extent><gmd:extent><gmd:EX_Extent><gmd:geographicElement><gmd:EX_GeographicBoundingBox><gmd:westBoundLongitude><gco:Decimal>-85.25390624999997</gco:Decimal></gmd:westBoundLongitude><gmd:eastBoundLongitude><gco:Decimal>-68.291015625</gco:Decimal></gmd:eastBoundLongitude><gmd:southBoundLatitude><gco:Decimal>-20.220965779522302</gco:Decimal></gmd:southBoundLatitude><gmd:northBoundLatitude><gco:Decimal>0.7031073524364757</gco:Decimal></gmd:northBoundLatitude></gmd:EX_GeographicBoundingBox></gmd:geographicElement></gmd:EX_Extent></gmd:extent><gmd:supplementalInformation gco:nilReason="missing"><gco:CharacterString/></gmd:supplementalInformation></gmd:MD_DataIdentification></gmd:identificationInfo><gmd:distributionInfo xmlns:srv="http://www.isotc211.org/2005/srv" xmlns:date="http://exslt.org/dates-and-times"><gmd:MD_Distribution><gmd:transferOptions><gmd:MD_DigitalTransferOptions><gmd:onLine><gmd:CI_OnlineResource><gmd:linkage><gmd:URL>http://geo2.ana.gob.pe:8080/geonetwork/srv/spa/resources.get?uuid=43e6b30c-88ec-4bea-b680-94d3a1e7ec6a&amp;fname=resumen_ejecutivo_uh.pdf&amp;access=public</gmd:URL></gmd:linkage><gmd:protocol><gco:CharacterString>WWW:DOWNLOAD-1.0-http--download</gco:CharacterString></gmd:protocol><gmd:name><gmx:MimeFileType xmlns:gmx="http://www.isotc211.org/2005/gmx" type="application/pdf">resumen_ejecutivo_uh.pdf</gmx:MimeFileType></gmd:name><gmd:description><gco:CharacterString>Resumen ejecutivo Delimitación y Codificación de Unidades Hidrográficas del Perú</gco:CharacterString></gmd:description></gmd:CI_OnlineResource></gmd:onLine><gmd:onLine><gmd:CI_OnlineResource><gmd:linkage><gmd:URL>http://167.249.9.41:6080/arcgis/services/SERV_UNIDADES_HIDROGRAFICAS/MapServer/WMSServer</gmd:URL></gmd:linkage><gmd:protocol><gco:CharacterString>OGC:WMS-1.3.0-http-get-capabilities</gco:CharacterString></gmd:protocol><gmd:name><gco:CharacterString>Unidades hidrograficas</gco:CharacterString></gmd:name><gmd:description><gco:CharacterString>Servicio OGC: WMS (Web Map Service)</gco:CharacterString></gmd:description></gmd:CI_OnlineResource></gmd:onLine><gmd:onLine><gmd:CI_OnlineResource><gmd:linkage><gmd:URL>http://167.249.9.41:6080/arcgis/rest/services/SERV_UNIDADES_HIDROGRAFICAS/MapServer/generateKml?docName=UnidadesHidrograficas&amp;l%3A0=on&amp;layers=0&amp;layerOptions=composite</gmd:URL></gmd:linkage><gmd:protocol><gco:CharacterString>WWW:LINK-1.0-http--link</gco:CharacterString></gmd:protocol><gmd:name><gco:CharacterString>Unidades hidrográficas</gco:CharacterString></gmd:name><gmd:description><gco:CharacterString>Descarga de archivo en kml</gco:CharacterString></gmd:description></gmd:CI_OnlineResource></gmd:onLine><gmd:onLine><gmd:CI_OnlineResource><gmd:linkage><gmd:URL>http://geo2.ana.gob.pe:8080/geonetwork/srv/spa/resources.get?uuid=43e6b30c-88ec-4bea-b680-94d3a1e7ec6a&amp;fname=file_uh.zip&amp;access=public</gmd:URL></gmd:linkage><gmd:protocol><gco:CharacterString>WWW:DOWNLOAD-1.0-http--download</gco:CharacterString></gmd:protocol><gmd:name><gmx:MimeFileType xmlns:gmx="http://www.isotc211.org/2005/gmx" type="multipart/x-zip">file_uh.zip</gmx:MimeFileType></gmd:name><gmd:description><gco:CharacterString>Descarga de archivo en shp</gco:CharacterString></gmd:description></gmd:CI_OnlineResource></gmd:onLine></gmd:MD_DigitalTransferOptions></gmd:transferOptions></gmd:MD_Distribution></gmd:distributionInfo><gmd:dataQualityInfo><gmd:DQ_DataQuality><gmd:scope><gmd:DQ_Scope><gmd:level><gmd:MD_ScopeCode codeListValue="dataset" codeList="http://standards.iso.org/ittf/PubliclyAvailableStandards/ISO_19139_Schemas/resources/codelist/ML_gmxCodelists.xml#MD_ScopeCode"/></gmd:level></gmd:DQ_Scope></gmd:scope><gmd:lineage><gmd:LI_Lineage><gmd:statement><gco:CharacterString>Las unidades Hidrográficas del Perú fueron aprobadas por R.M. N°033-2008-AG, tuvo como base cartográfica la Carta Nacional Digital Topográfica del IGN, a escala 1:100 000.</gco:CharacterString></gmd:statement></gmd:LI_Lineage></gmd:lineage></gmd:DQ_DataQuality></gmd:dataQualityInfo><dataIdInfo><envirDesc Sync="TRUE">Microsoft Windows Server 2012 Version 6.2 (Build 9200) ; Esri ArcGIS 12.6.0.24234</envirDesc><dataLang><languageCode value="eng" Sync="TRUE"/><countryCode value="USA" Sync="TRUE"/></dataLang><idCitation><resTitle Sync="TRUE">UnidadesHidrograficas</resTitle><presForm><PresFormCd value="005" Sync="TRUE"/></presForm></idCitation><spatRpType><SpatRepTypCd value="001" Sync="TRUE"/></spatRpType><dataExt><geoEle><GeoBndBox esriExtentType="search"><exTypeCode Sync="TRUE">1</exTypeCode><westBL Sync="TRUE">-81.328213</westBL><eastBL Sync="TRUE">-68.651935</eastBL><northBL Sync="TRUE">-0.038747</northBL><southBL Sync="TRUE">-18.350521</southBL></GeoBndBox></geoEle></dataExt></dataIdInfo><mdLang><languageCode value="eng" Sync="TRUE"/><countryCode value="USA" Sync="TRUE"/></mdLang><mdChar><CharSetCd value="004" Sync="TRUE"/></mdChar><Esri><DataProperties><itemProps><itemName Sync="TRUE">UnidadesHidrograficas</itemName><imsContentType Sync="TRUE">002</imsContentType><nativeExtBox><westBL Sync="TRUE">-81.328213</westBL><eastBL Sync="TRUE">-68.651935</eastBL><southBL Sync="TRUE">-18.350521</southBL><northBL Sync="TRUE">-0.038747</northBL><exTypeCode Sync="TRUE">1</exTypeCode></nativeExtBox><itemSize Sync="TRUE">0.000</itemSize><itemLocation><linkage Sync="TRUE">file://\\SRV-APPGEOANA02\C$\Users\gis\AppData\Local\Temp\tmpz_zspkml\UnidadesHidrograficas.shp</linkage><protocol Sync="TRUE">Local Area Network</protocol></itemLocation></itemProps><coordRef><type Sync="TRUE">Geographic</type><geogcsn Sync="TRUE">GCS_WGS_1984</geogcsn><csUnits Sync="TRUE">Angular Unit: Degree (0.017453)</csUnits><peXml Sync="TRUE">&lt;GeographicCoordinateSystem xsi:type='typens:GeographicCoordinateSystem' xmlns:xsi='http://www.w3.org/2001/XMLSchema-instance' xmlns:xs='http://www.w3.org/2001/XMLSchema' xmlns:typens='http://www.esri.com/schemas/ArcGIS/2.6.0'&gt;&lt;WKT&gt;GEOGCS[&amp;quot;GCS_WGS_1984&amp;quot;,DATUM[&amp;quot;D_WGS_1984&amp;quot;,SPHEROID[&amp;quot;WGS_1984&amp;quot;,6378137.0,298.257223563]],PRIMEM[&amp;quot;Greenwich&amp;quot;,0.0],UNIT[&amp;quot;Degree&amp;quot;,0.0174532925199433],AUTHORITY[&amp;quot;EPSG&amp;quot;,4326]]&lt;/WKT&gt;&lt;XOrigin&gt;-400&lt;/XOrigin&gt;&lt;YOrigin&gt;-400&lt;/YOrigin&gt;&lt;XYScale&gt;11258999068426.238&lt;/XYScale&gt;&lt;ZOrigin&gt;-100000&lt;/ZOrigin&gt;&lt;ZScale&gt;10000&lt;/ZScale&gt;&lt;MOrigin&gt;-100000&lt;/MOrigin&gt;&lt;MScale&gt;10000&lt;/MScale&gt;&lt;XYTolerance&gt;8.983152841195215e-09&lt;/XYTolerance&gt;&lt;ZTolerance&gt;0.001&lt;/ZTolerance&gt;&lt;MTolerance&gt;0.001&lt;/MTolerance&gt;&lt;HighPrecision&gt;true&lt;/HighPrecision&gt;&lt;LeftLongitude&gt;-180&lt;/LeftLongitude&gt;&lt;WKID&gt;4326&lt;/WKID&gt;&lt;LatestWKID&gt;4326&lt;/LatestWKID&gt;&lt;/GeographicCoordinateSystem&gt;</peXml></coordRef><lineage><Process ToolSource="c:\program files (x86)\arcgis\desktop10.4\ArcToolbox\Toolboxes\Data Management Tools.tbx\CopyFeatures" Date="20161116" Time="162725">CopyFeatures D:\IDE-i\Metadatos\Finales\UniHidro\shp\UniHidro.shp "Database Connections\IDE analimsql03.sde\DBAna.IDE.AmbAdministrativo\DBAna.IDE.UniHidro" # 0 0 0</Process><Process ToolSource="c:\program files (x86)\arcgis\desktop10.8\ArcToolbox\Toolboxes\Data Management Tools.tbx\CalculateField" Date="20210510" Time="092301">CalculateField DBAna.IDE.UniHidro NIVEL5 "49299" VB #</Process><Process ToolSource="c:\program files (x86)\arcgis\desktop10.8\ArcToolbox\Toolboxes\Data Management Tools.tbx\CalculateField" Date="20210510" Time="092405">CalculateField DBAna.IDE.UniHidro CODIGO "49299" VB #</Process><Process ToolSource="c:\program files (x86)\arcgis\desktop10.8\ArcToolbox\Toolboxes\Data Management Tools.tbx\CalculateField" Date="20210510" Time="094511">CalculateField DBAna.IDE.UniHidro CODIGO "4929" VB #</Process><Process ToolSource="c:\program files (x86)\arcgis\desktop10.8\ArcToolbox\Toolboxes\Data Management Tools.tbx\CalculateField" Date="20210513" Time="083841">CalculateField DBAna.IDE.UniHidro NIVEL5 "" VB #</Process><Process ToolSource="c:\program files\arcgis\server\framework\runtime\arcgis\Resources\ArcToolbox\toolboxes\Data Management Tools.tbx\CopyFeatures" Date="20240113" Time="011223">CopyFeatures GPLYR_{5DC23C53-F067-4A85-A68E-BD0CFE6250CC} D:\arcgisserver\directories\arcgisjobs\gptools\gp_extracciondatos_v2_gpserver\j0142bf58c72748d787ebed78bea75794\scratch\cp_UnidadesHidrograficas.shp # # # #</Process><Process ToolSource="c:\program files\arcgis\server\framework\runtime\arcgis\Resources\ArcToolbox\toolboxes\Analysis Tools.tbx\Clip" Date="20240113" Time="011224">Clip D:\arcgisserver\directories\arcgisjobs\gptools\gp_extracciondatos_v2_gpserver\j0142bf58c72748d787ebed78bea75794\scratch\cp_UnidadesHidrograficas.shp in_memory\feature_set C:\Users\gis\AppData\Local\Temp\tmpz_zspkml\UnidadesHidrograficas.shp #</Process></lineage></DataProperties><SyncDate>20240113</SyncDate><SyncTime>01122400</SyncTime><ModDate>20240113</ModDate><ModTime>01122400</ModTime></Esri><distInfo><distFormat><formatName Sync="TRUE">Shapefile</formatName></distFormat><distTranOps><transSize Sync="TRUE">0.000</transSize></distTranOps></distInfo><mdHrLv><ScopeCd value="005" Sync="TRUE"/></mdHrLv><mdHrLvName Sync="TRUE">dataset</mdHrLvName><refSysInfo><RefSystem><refSysID><identCode code="4326" Sync="TRUE"/><idCodeSpace Sync="TRUE">EPSG</idCodeSpace><idVersion Sync="TRUE">6.14(3.0.1)</idVersion></refSysID></RefSystem></refSysInfo><spatRepInfo><VectSpatRep><geometObjs Name="UnidadesHidrograficas"><geoObjTyp><GeoObjTypCd value="002" Sync="TRUE"></GeoObjTypCd></geoObjTyp><geoObjCnt Sync="TRUE">0</geoObjCnt></geometObjs><topLvl><TopoLevCd value="001" Sync="TRUE"></TopoLevCd></topLvl></VectSpatRep></spatRepInfo><spdoinfo><ptvctinf><esriterm Name="UnidadesHidrograficas"><efeatyp Sync="TRUE">Simple</efeatyp><efeageom code="4" Sync="TRUE"></efeageom><esritopo Sync="TRUE">FALSE</esritopo><efeacnt Sync="TRUE">0</efeacnt><spindex Sync="TRUE">FALSE</spindex><linrefer Sync="TRUE">FALSE</linrefer></esriterm></ptvctinf></spdoinfo><eainfo><detailed Name="UnidadesHidrograficas"><enttyp><enttypl Sync="TRUE">UnidadesHidrograficas</enttypl><enttypt Sync="TRUE">Feature Class</enttypt><enttypc Sync="TRUE">0</enttypc></enttyp><attr><attrlabl Sync="TRUE">FID</attrlabl><attalias Sync="TRUE">FID</attalias><attrtype Sync="TRUE">OID</attrtype><attwidth Sync="TRUE">4</attwidth><atprecis Sync="TRUE">0</atprecis><attscale Sync="TRUE">0</attscale><attrdef Sync="TRUE">Internal feature number.</attrdef><attrdefs Sync="TRUE">Esri</attrdefs><attrdomv><udom Sync="TRUE">Sequential unique whole numbers that are automatically generated.</udom></attrdomv></attr><attr><attrlabl Sync="TRUE">Shape</attrlabl><attalias Sync="TRUE">Shape</attalias><attrtype Sync="TRUE">Geometry</attrtype><attwidth Sync="TRUE">0</attwidth><atprecis Sync="TRUE">0</atprecis><attscale Sync="TRUE">0</attscale><attrdef Sync="TRUE">Feature geometry.</attrdef><attrdefs Sync="TRUE">Esri</attrdefs><attrdomv><udom Sync="TRUE">Coordinates defining the features.</udom></attrdomv></attr><attr><attrlabl Sync="TRUE">NIVEL1</attrlabl><attalias Sync="TRUE">NIVEL1</attalias><attrtype Sync="TRUE">String</attrtype><attwidth Sync="TRUE">1</attwidth><atprecis Sync="TRUE">0</atprecis><attscale Sync="TRUE">0</attscale></attr><attr><attrlabl Sync="TRUE">NIVEL2</attrlabl><attalias Sync="TRUE">NIVEL2</attalias><attrtype Sync="TRUE">String</attrtype><attwidth Sync="TRUE">2</attwidth><atprecis Sync="TRUE">0</atprecis><attscale Sync="TRUE">0</attscale></attr><attr><attrlabl Sync="TRUE">NIVEL3</attrlabl><attalias Sync="TRUE">NIVEL3</attalias><attrtype Sync="TRUE">String</attrtype><attwidth Sync="TRUE">3</attwidth><atprecis Sync="TRUE">0</atprecis><attscale Sync="TRUE">0</attscale></attr><attr><attrlabl Sync="TRUE">NIVEL4</attrlabl><attalias Sync="TRUE">NIVEL4</attalias><attrtype Sync="TRUE">String</attrtype><attwidth Sync="TRUE">4</attwidth><atprecis Sync="TRUE">0</atprecis><attscale Sync="TRUE">0</attscale></attr><attr><attrlabl Sync="TRUE">NIVEL5</attrlabl><attalias Sync="TRUE">NIVEL5</attalias><attrtype Sync="TRUE">String</attrtype><attwidth Sync="TRUE">5</attwidth><atprecis Sync="TRUE">0</atprecis><attscale Sync="TRUE">0</attscale></attr><attr><attrlabl Sync="TRUE">NIVEL6</attrlabl><attalias Sync="TRUE">NIVEL6</attalias><attrtype Sync="TRUE">String</attrtype><attwidth Sync="TRUE">6</attwidth><atprecis Sync="TRUE">0</atprecis><attscale Sync="TRUE">0</attscale></attr><attr><attrlabl Sync="TRUE">NIVEL7</attrlabl><attalias Sync="TRUE">NIVEL7</attalias><attrtype Sync="TRUE">String</attrtype><attwidth Sync="TRUE">7</attwidth><atprecis Sync="TRUE">0</atprecis><attscale Sync="TRUE">0</attscale></attr><attr><attrlabl Sync="TRUE">NOMB_UH_N1</attrlabl><attalias Sync="TRUE">NOMB_UH_N1</attalias><attrtype Sync="TRUE">String</attrtype><attwidth Sync="TRUE">40</attwidth><atprecis Sync="TRUE">0</atprecis><attscale Sync="TRUE">0</attscale></attr><attr><attrlabl Sync="TRUE">NOMB_UH_N2</attrlabl><attalias Sync="TRUE">NOMB_UH_N2</attalias><attrtype Sync="TRUE">String</attrtype><attwidth Sync="TRUE">40</attwidth><atprecis Sync="TRUE">0</atprecis><attscale Sync="TRUE">0</attscale></attr><attr><attrlabl Sync="TRUE">NOMB_UH_N3</attrlabl><attalias Sync="TRUE">NOMB_UH_N3</attalias><attrtype Sync="TRUE">String</attrtype><attwidth Sync="TRUE">40</attwidth><atprecis Sync="TRUE">0</atprecis><attscale Sync="TRUE">0</attscale></attr><attr><attrlabl Sync="TRUE">NOMB_UH_N4</attrlabl><attalias Sync="TRUE">NOMB_UH_N4</attalias><attrtype Sync="TRUE">String</attrtype><attwidth Sync="TRUE">40</attwidth><atprecis Sync="TRUE">0</atprecis><attscale Sync="TRUE">0</attscale></attr><attr><attrlabl Sync="TRUE">NOMB_UH_N5</attrlabl><attalias Sync="TRUE">NOMB_UH_N5</attalias><attrtype Sync="TRUE">String</attrtype><attwidth Sync="TRUE">40</attwidth><atprecis Sync="TRUE">0</atprecis><attscale Sync="TRUE">0</attscale></attr><attr><attrlabl Sync="TRUE">NOMB_UH_N6</attrlabl><attalias Sync="TRUE">NOMB_UH_N6</attalias><attrtype Sync="TRUE">String</attrtype><attwidth Sync="TRUE">40</attwidth><atprecis Sync="TRUE">0</atprecis><attscale Sync="TRUE">0</attscale></attr><attr><attrlabl Sync="TRUE">NOMB_UH_N7</attrlabl><attalias Sync="TRUE">NOMB_UH_N7</attalias><attrtype Sync="TRUE">String</attrtype><attwidth Sync="TRUE">40</attwidth><atprecis Sync="TRUE">0</atprecis><attscale Sync="TRUE">0</attscale></attr><attr><attrlabl Sync="TRUE">CODIGO</attrlabl><attalias Sync="TRUE">CODIGO</attalias><attrtype Sync="TRUE">String</attrtype><attwidth Sync="TRUE">8</attwidth><atprecis Sync="TRUE">0</atprecis><attscale Sync="TRUE">0</attscale></attr><attr><attrlabl Sync="TRUE">NOMBRE</attrlabl><attalias Sync="TRUE">NOMBRE</attalias><attrtype Sync="TRUE">String</attrtype><attwidth Sync="TRUE">40</attwidth><atprecis Sync="TRUE">0</atprecis><attscale Sync="TRUE">0</attscale></attr><attr><attrlabl Sync="TRUE">ORDEN</attrlabl><attalias Sync="TRUE">ORDEN</attalias><attrtype Sync="TRUE">Integer</attrtype><attwidth Sync="TRUE">10</attwidth><atprecis Sync="TRUE">10</atprecis><attscale Sync="TRUE">0</attscale></attr><attr><attrlabl Sync="TRUE">AREA_KM2</attrlabl><attalias Sync="TRUE">AREA_KM2</attalias><attrtype Sync="TRUE">Double</attrtype><attwidth Sync="TRUE">19</attwidth><atprecis Sync="TRUE">18</atprecis><attscale Sync="TRUE">8</attscale></attr><attr><attrlabl Sync="TRUE">Shape_STAr</attrlabl><attalias Sync="TRUE">Shape_STAr</attalias><attrtype Sync="TRUE">Double</attrtype><attwidth Sync="TRUE">19</attwidth><atprecis Sync="TRUE">0</atprecis><attscale Sync="TRUE">0</attscale></attr><attr><attrlabl Sync="TRUE">Shape_STLe</attrlabl><attalias Sync="TRUE">Shape_STLe</attalias><attrtype Sync="TRUE">Double</attrtype><attwidth Sync="TRUE">19</attwidth><atprecis Sync="TRUE">0</atprecis><attscale Sync="TRUE">0</attscale></attr></detailed></eainfo><mdDateSt Sync="TRUE">20240113</mdDateSt></gmd:MD_Metadata>
